component_id,name
C-0001,SLEEVE
C-0002,SLEEVE
C-0003,SLEEVE-FLARED
C-0004,NUT
C-0005,ADAPTER-STR
C-0006,ADAPTER-STR
C-0007,CONNECTOR-FLARE
C-0008,BOSS
C-0009,BOSS
C-0010,NUT-FUELTUBE
C-0011,NUT
C-0012,FLANGE
C-0013,ELBOW
C-0014,FLANGE
C-0015,FLANGE
C-0016,ELBOW
C-0017,ELBOW
C-0018,ELBOW
C-0019,FLANGE-ONEPIECE
C-0020,BOSS
C-0021,HOUSING-OIL
C-0022,HOUSINGFUEL
C-0023,BLOCK
C-0024,BLOCKOTHER
C-0025,TUBE-LUBRICATIONOTHER
C-0026,TUBEOTHER
C-0027,FLANGE
C-0028,ELBOW-HYDRAULIC
C-0029,FLANGE
C-0030,ELBOW
C-0031,WASHEROTHER
C-0032,TUBEOTHER
C-0033,FLANGEOTHER
C-0034,FLANGEOTHER
C-0035,BOSS
C-0036,FLANGE-BRAZE
C-0037,LUGOTHER
C-0038,FLANGE
C-0039,TUBEOTHER
C-0040,ADAPTEROTHER
C-0041,CONNECTOR-ORFS
C-0042,ELBOW
C-0043,CONNECTOR-ORFS
C-0044,CONNECTOR-ORFS
C-0045,ADAPTER-OILLIN
C-0046,FLANGE-ONEPIEC
C-0047,BAROTHER
C-0048,SLEEVE-BRAZE
C-0049,SLEEVE-ORFS
C-0050,SLEEVE-ORFS
C-0051,SLEEVE-ORFS
C-0052,SLEEVE-ORFS
C-0053,SLEEVE-ORFS
C-0054,BOSS
C-0055,FITTINGOTHER
C-0056,FITTINGOTHER
C-0057,NUTOTHER
C-0058,SLEEVE-90DEG
C-0059,SLEEVE-90DEG
C-0060,SLEEVE-90DEG
C-0061,ADAPTER-OSUPPL
C-0062,FLANGE-BRAZE
C-0063,ADAPTER-OLINE
C-0064,PLATEOTHER
C-0065,ELBOW-WELD
C-0066,ELBOW-WELD
C-0067,TUBEOTHER
C-0068,TUBE-AS
C-0069,ELBOW
C-0070,ELBOW-WELD
C-0071,BOSS
C-0072,ELBOWWELD
C-0073,ELBOWWELD
C-0074,CONNECTOR-STOR
C-0075,ELBOW-HYDRAULIC
C-0076,ELBOW-HYDRAULIC
C-0077,CONNECTOR-ORFS
C-0078,COUPLING-AS
C-0079,FLANGE-ONEPIECE
C-0080,FLANGE
C-0081,FLANGE
C-0082,BOSS-ORFS
C-0083,FLANGE-ONEPIECE
C-0084,FLANGE
C-0085,BOSS-FITTINGOTHER
C-0086,FLANGE
C-0087,FLANGEOTHER
C-0088,FLANGEOTHER
C-0089,FLANGEOTHER
C-0090,ELBOW-HYDRAULIC
C-0091,COUPLING-PERMOTHER
C-0092,FLANGEOTHER
C-0093,FLANGE
C-0094,ELBOW
C-0095,NUT
C-0096,SLEEVE
C-0097,NUT-SWIVEL
C-0098,FLANGEOTHER
C-0099,FLANGEOTHER
C-0100,FLANGEOTHER
C-0101,SLEEVE
C-0102,NUT-SWIVEL
C-0103,BLOCKOTHER
C-0104,BLOCK
C-0105,ELBOW-BRAZE
C-0106,ELBOW-BRAZE
C-0107,ELBOW-900
C-0108,FLANGEOTHER
C-0109,PLATEOTHER
C-0110,FLANGE-ONEPIECE
C-0111,BOSS
C-0112,FLANGEOTHER
C-0113,TUBEOTHER
C-0114,TUBEOTHER
C-0115,FLANGE
C-0116,PLATE-FLANGEOTHER
C-0117,BOSS
C-0118,FLANGEOTHER
C-0119,FITTING
C-0120,ADAPTEROTHER
C-0121,ADAPTER-OLINE
C-0122,HEAD-FLANGED
C-0123,ADAPTER-OILLIN
C-0124,COUPLING-AS-PERM
C-0125,COUPLING-AS-PERM
C-0126,COUPLING-AS-PERM
C-0127,COUPLING-AS-PERM
C-0128,COUPLING-AS-PER
C-0129,ELBOW-OILINLET
C-0130,FLANGEOTHER
C-0131,FLANGE
C-0132,HEAD-FLANGED
C-0133,CONNECTOR
C-0134,NUT-SWIVEL
C-0135,ELBOW-AFTCLROTHER
C-0136,FLANGE-AS
C-0137,FLANGE
C-0138,FLANGE
C-0139,FLANGEOTHER
C-0140,ELBOW
C-0141,PLATE
C-0142,FLANGE
C-0143,ELBOW-HYDRAULIC
C-0144,HASP-AS
C-0145,PLATE-AS
C-0146,FLANGE
C-0147,FLANGE
C-0148,ELBOWOTHER
C-0149,ORIFICEOTHER
C-0150,FLANGE
C-0151,BOSS
C-0152,ELBOW-HYDRAULIC
C-0153,TUBE-AS
C-0154,FLANGE-ONEPIEC
C-0155,PLATEOTHER
C-0156,FLANGE
C-0157,FLANGE-ONEPIEC
C-0158,FLANGE
C-0159,CONNECTOR
C-0160,ELBOW
C-0161,BLOCK
C-0162,FLANGE
C-0163,ELBOW-HYDRAULIC
C-0164,ADAPTEROTHER
C-0165,BOSS-FITTING
C-0166,FLANGE
C-0167,FLANGE-OFILLER
C-0168,ADAPTEROTHER
C-0169,FLANGE
C-0170,FLANGE
C-0171,BOSSOTHER
C-0172,FLANGE
C-0173,CONNECTOR
C-0174,FLANGE-ONEPIECE
C-0175,ELBOW-HYDRAULIC
C-0176,UNION-TUBEOTHER
C-0177,BOSS
C-0178,ADAPTER
C-0179,UNION-BRAZE
C-0180,UNION-BRAZE
C-0181,UNION-BRAZE
C-0182,UNION-BRAZE
C-0183,ELBOWOTHER
C-0184,PLATEOTHER
C-0185,PLATEOTHER
C-0186,SLEEVE-ORFS
C-0187,ELBOW
C-0188,ELBOW
C-0189,ELBOW
C-0190,FLANGE
C-0191,FLANGE
C-0192,ELBOW-HYDRAULIC
C-0193,FLANGE
C-0194,FLANGEOTHER
C-0195,FLANGEOTHER
C-0196,FLANGEOTHER
C-0197,FLANGEOTHER
C-0198,FLANGEOTHER
C-0199,COUPLET-WELD
C-0200,BOSS-WELDOTHER
C-0201,PLATEOTHER
C-0202,FLANGE
C-0203,PLATEOTHER
C-0204,PLATEOTHER
C-0205,FLANGE
C-0206,BLOCK-HYDOTHER
C-0207,ELBOW-HYDRAULIC
C-0208,CONNECTOR-WELD
C-0209,CONNECTOR-WELD
C-0210,ELBOW
C-0211,ELBOW
C-0212,ELBOW
C-0213,CONNECTOR-WELD
C-0214,CONNECTOR-WELD
C-0215,CONNECTOR-WELD
C-0216,CONNECTOR
C-0217,CONNECTOR
C-0218,CONNECTOR
C-0219,FLANGE-SPECIAL
C-0220,FLANGE
C-0221,FLANGE
C-0222,MANIFOLDOTHER
C-0223,TEE-ORFSTO
C-0224,BOSSOTHER
C-0225,NUT-FLAREDOTHER
C-0226,SLEEVE-FLARED
C-0227,NUTOTHER
C-0228,SLEEVE
C-0229,FLANGE
C-0230,TUBE-AS
C-0231,FLANGE
C-0232,BOSSOTHER
C-0233,TUBEOTHER
C-0234,PLATEOTHER
C-0235,PIPEOTHER
C-0236,GUSSETOTHER
C-0237,HEADFLANGED
C-0238,NA
C-0239,REDUCEROTHER
C-0240,UNION-BRAZE
C-0241,PLUG-AS-HSH-STO
C-0242,BOSS
C-0243,FLANGE
C-0244,FLANGE
C-0245,COUPLET-WELD
C-0246,FLANGE
C-0247,FLANGE-ONEPIEC
C-0248,PLATEOTHER
C-0249,PLATEOTHER
C-0250,FLANGE-ONEPIEC
C-0251,COLLAROTHER
C-0252,NUT-FUELINJ
C-0253,CONNECTOR-ORFS
C-0254,FLANGE
C-0255,BOSS
C-0256,TUBEOTHER
C-0257,FLANGE
C-0258,BOSS
C-0259,ELBOW
C-0260,BOSS
C-0261,NUT-ORFS
C-0262,BOSS
C-0263,ELBOW-90DEG
C-0264,ELBOW-90DEG
C-0265,FLANGEOTHER
C-0266,FLANGE
C-0267,COUPLING-AS
C-0268,FLANGE-ONEPIEC
C-0269,FLANGE
C-0270,SPACEROTHER
C-0271,TEE-HYDRAULICOTHER
C-0272,UNION-BRAZE
C-0273,ELBOW-HYDRAULIC
C-0274,BOSS
C-0275,FLANGE-ONEPIECE
C-0276,MANIFOLDOTHER
C-0277,MANIFOLD-FUELOTHER
C-0278,CONNECTOR-WELD
C-0279,TUBEOTHER
C-0280,TUBE-AS
C-0281,HOSE-AS
C-0282,TUBE-AS
C-0283,HOSE-AS
C-0284,ELBOW-HYDRAULIC
C-0285,ELBOW-HYDRAULIC
C-0286,NUT-WELDOTHER
C-0287,NUT-WELDOTHER
C-0288,NUT-WELDOTHER
C-0289,TUBEOTHER
C-0290,TUBE-AS
C-0291,TUBE-AS
C-0292,FLANGE
C-0293,HEAD-FLANGEDOTHER
C-0294,BLOCKOTHER
C-0295,FLANGE
C-0296,ELBOW
C-0297,TUBEOTHER
C-0298,BRACKETOTHER
C-0299,TUBEOTHER
C-0300,BRACKETOTHER
C-0301,BLOCKOTHER
C-0302,PLUG-AS-LD
C-0303,ELBOW
C-0304,FLANGEOTHER
C-0305,PLATEOTHER
C-0306,FLANGE
C-0307,CONNECTOR-SEAL
C-0308,NUT-FLARED
C-0309,SLEEVE-FLARED
C-0310,SPACEROTHER
C-0311,ADAPTER-INLETOTHER
C-0312,ADAPTER-INLETOTHER
C-0313,SLEEVEOTHER
C-0314,ADAPTEROTHER
C-0315,BOSS
C-0316,ELBOWOTHER
C-0317,ADAPTEROTHER
C-0318,CONNECTOR
C-0319,ELBOWOTHER
C-0320,PLUG
C-0321,BOSS
C-0322,PLUG-AS
C-0323,FLANGEOTHER
C-0324,PLUG-AS
C-0325,FLANGE
C-0326,PLATEOTHER
C-0327,TUBEOTHER
C-0328,TUBE-AS
C-0329,ELBOWOTHER
C-0330,ELBOWOTHER
C-0331,MANIFOLD
C-0332,HEAD-FLANGED
C-0333,HEAD-FLANGED
C-0334,HEAD-FLANGED
C-0335,HEAD-FLANGED
C-0336,NUT-37DEG
C-0337,NUT-ORFS
C-0338,ELBOW-WELD
C-0339,TEE-ORFSTO
C-0340,ELBOWOTHER
C-0341,PLATEOTHER
C-0342,FLANGE
C-0343,FLANGE-ONEPIECE
C-0344,FLANGE
C-0345,BOSS
C-0346,PLATEOTHER
C-0347,CAP-A/COTHER
C-0348,CONNECTOR-WELD
C-0349,FLANGE-PIPEOTHER
C-0350,PIPEOTHER
C-0351,PLATE-AS
C-0352,PLATEOTHER
C-0353,PIPEOTHER
C-0354,BUSHING-REDUCING
C-0355,PLATEOTHER
C-0356,BOSS
C-0357,FLANGEOTHER
C-0358,BOSS
C-0359,FLANGE-ONEPIECE
C-0360,FLANGE
C-0361,CONNECTOR-O-RIN
C-0362,FLANGE
C-0363,CONNECTOR
C-0364,FLANGEOTHER
C-0365,FLANGEOTHER
C-0366,FLANGEOTHER
C-0367,ELBOW
C-0368,ADAPTEROTHER
C-0369,TEE
C-0370,HEAD-FLANGED
C-0371,FITTING
C-0372,BRACKETOTHER
C-0373,ADAPTEROTHER
C-0374,COUPLING-AS
C-0375,NUT-DIRECTINJ
C-0376,FLANGEOTHER
C-0377,VALVE-CORE
C-0378,VALVE-BODY
C-0379,TUBEOTHER
C-0380,FLANGE
C-0381,TUBEOTHER
C-0382,PLUG-AS-STOR
C-0383,FLANGEOTHER
C-0384,TUBEOTHER
C-0385,FLANGE
C-0386,HEAD-O-RINGSEAL
C-0387,FLANGE
C-0388,CONNECTOR-BHD
C-0389,CONNECTOR-BHD
C-0390,NUT-SWIVEL
C-0391,SLEEVE-90DEG
C-0392,HEAD-FLANGE
C-0393,BOSS
C-0394,ELBOW-HYDRAULIC
C-0395,PLATEOTHER
C-0396,FLANGEOTHER
C-0397,ORIFICE-AS
C-0398,FLANGE
C-0399,TEE
C-0400,FLANGE-ONEPIECE
C-0401,ELBOW-HYDRAULIC
C-0402,BLOCK-DRAINOTHER
C-0403,BOSS
C-0404,SLEEVEOTHER
C-0405,BOSS
C-0406,FLANGE-ONEPIEC
C-0407,ELBOW-HYDRAULIC
C-0408,TEE-HYDRAULICOTHER
C-0409,CONNECTOR-SWIVEL
C-0410,CONNECTOR-SWIVEL
C-0411,CONNECTOR-WELD
C-0412,BOSSOTHER
C-0413,CONNECTOR
C-0414,CONNECTOR
C-0415,CONNECTOR
C-0416,PLATEOTHER
C-0417,COUPLING-AS
C-0418,CONNECTOR
C-0419,COUPLING-AS
C-0420,CONNECTOR
C-0421,ELBOW-O-RING
C-0422,WASHER-FUELLIN
C-0423,FLANGE
C-0424,NUT-WELDOTHER
C-0425,BOSS
C-0426,BOSS
C-0427,SEAL-ORING
C-0428,CONNECTOR
C-0429,ELBOWOTHER
C-0430,WASHEROTHER
C-0431,ELBOWOTHER
C-0432,BOSS
C-0433,FITTINGOTHER
C-0434,FLANGE
C-0435,TUBE-AS-SUPPLY
C-0436,TUBE-AS-SUPPLY
C-0437,TUBE-AS-O
C-0438,NUT-FINJ
C-0439,ADAPTER-OLINE
C-0440,ADAPTEROTHER
C-0441,ADAPTER-OLINE
C-0442,ADAPTER-ODRAIN
C-0443,NUT-FLARED
C-0444,NUT-FLARED
C-0445,SLEEVE-ORFS
C-0446,ADAPTER-DRAINOTHER
C-0447,ADAPTER-SUPPLY
C-0448,NUT-FLARED
C-0449,SLEEVE-FLARED
C-0450,FLANGE-ONEPIEC
C-0451,FLANGE-ONEPIEC
C-0452,FLANGE-ONEPIEC
C-0453,FLANGE-ONEPIEC
C-0454,FLANGE-CAPTIVE
C-0455,FLANGE-CAPTIVE
C-0456,HEAD-FLANGED
C-0457,HEAD-FLANGED
C-0458,HEAD-FLANGE
C-0459,HEAD-FLANGED
C-0460,HEAD-FLANGED
C-0461,HEAD-FLANGED
C-0462,HEAD-FLANGED
C-0463,HEAD-FLANGED
C-0464,ELBOW-HYDRAULIC
C-0465,FLANGE-ONEPIEC
C-0466,FLANGE-ONEPIEC
C-0467,CLAMPOTHER
C-0468,FLANGE
C-0469,COLLAR-O-RINGOTHER
C-0470,BLOCKOTHER
C-0471,FLANGE
C-0472,BLOCKOTHER
C-0473,PLATEOTHER
C-0474,BOSS
C-0475,BOSS
C-0476,ADAPTEROTHER
C-0477,HASP-OILFILLER
C-0478,NUT-INJF
C-0479,FLANGE
C-0480,FLANGE-OSUPPLY
C-0481,ADAPTER-ODRAIN
C-0482,TUBE-AS
C-0483,BOSS
C-0484,TUBE-TURBOOIL
C-0485,HEAD-FLANGED
C-0486,COUPLET
C-0487,TEE-BRAZE
C-0488,TEE-BRAZE
C-0489,PLATEOTHER
C-0490,RING-RETAININGOTHER
C-0491,ADAPTEROTHER
C-0492,HEAD-O-RING
C-0493,BOSS
C-0494,FLANGE
C-0495,SADDLE
C-0496,FLANGE
C-0497,BOSS
C-0498,HEAD
C-0499,SADDLE
C-0500,FLANGE
C-0501,ELBOW
C-0502,CONNECTOR
C-0503,CONNECTOR
C-0504,BOSSOTHER
C-0505,ADAPTEROTHER
C-0506,BOSS
C-0507,SCREEN-AS
C-0508,FLANGE
C-0509,FLANGE
C-0510,FLANGE
C-0511,ADAPTEROTHER
C-0512,ANGLE-AS
C-0513,BLOCK
C-0514,PLATE-AS
C-0515,PLATEOTHER
C-0516,ELBOW
C-0517,ADAPTEROTHER
C-0518,CONNECTOR
C-0519,PLATEOTHER
C-0520,BOSS
C-0521,ELBOW
C-0522,HOUSING-BELLOTHER
C-0523,TUBE-AS
C-0524,FLANGE-ONEPIECE
C-0525,FLANGEOTHER
C-0526,ELBOW
C-0527,TUBEOTHER
C-0528,RETAINEROTHER
C-0529,ADAPTER-EXHPIP
C-0530,PLATEOTHER
C-0531,BLOCKOTHER
C-0532,FLANGE
C-0533,COUPLING
C-0534,BOSS
C-0535,TUBEOTHER
C-0536,SCREENOTHER
C-0537,FLANGE
C-0538,FLANGE
C-0539,BOSS
C-0540,FLANGE-LOWEROTHER
C-0541,FLANGEOTHER
C-0542,PLATEOTHER
C-0543,FLANGE
C-0544,CONNECTOR
C-0545,COUPLING-AS
C-0546,FLANGE
C-0547,CONNECTOR-WELD
C-0548,CONNECTOR-WELD
C-0549,CONNECTOR-WELD
C-0550,CONNECTOR-SEAL
C-0551,FLANGE-BRAZE
C-0552,FLANGEOTHER
C-0553,BLOCKOTHER
C-0554,FLANGE
C-0555,FLANGE
C-0556,CONNECTOR
C-0557,PLATEOTHER
C-0558,COVEROTHER
C-0559,BRACKETOTHER
C-0560,TUBEOTHER
C-0561,FLANGEOTHER
C-0562,FLANGEOTHER
C-0563,PLATEOTHER
C-0564,TUBEOTHER
C-0565,ELBOW-WELD
C-0566,ELBOW-HYDRAULIC
C-0567,ELBOW-HYDRAULIC
C-0568,FLANGE-ONEPIECE
C-0569,BOSS
C-0570,RINGOTHER
C-0571,PIPEOTHER
C-0572,FLANGE-LOOSE
C-0573,HEAD-FLATFACE
C-0574,BLOCKOTHER
C-0575,BOSS
C-0576,CLEATOTHER
C-0577,NUT-ORFSOTHER
C-0578,NUT-ORFSOTHER
C-0579,NUT-ORFS
C-0580,NUT-ORFS
C-0581,NUT-ORFSOTHER
C-0582,NUT-ORFSOTHER
C-0583,SLEEVE-REDUCINGOTHER
C-0584,ELBOW-WELD
C-0585,ELBOW
C-0586,TUBE-AS
C-0587,TUBE-AS
C-0588,PLATEOTHER
C-0589,CONNECTOROTHER
C-0590,FLANGE-CAPTIVEOTHER
C-0591,HEAD-FLANGED
C-0592,TUBEOTHER
C-0593,FLANGEOTHER
C-0594,FLANGEOTHER
C-0595,TUBEOTHER
C-0596,CONNECTOR
C-0597,FLANGEOTHER
C-0598,ELBOW
C-0599,FLANGE-ONEPIEC
C-0600,TEE-BULKHEAD
C-0601,FLANGE
C-0602,FLANGE-ONEPIEC
C-0603,HEAD-FLANGEDOTHER
C-0604,BRACKETOTHER
C-0605,TEE-ORFS
C-0606,PLATE
C-0607,TEE
C-0608,ELBOW-HYDRAULIC
C-0609,FLANGEOTHER
C-0610,TUBEOTHER
C-0611,TUBEOTHER
C-0612,BLOCK
C-0613,ELBOW-HYDRAULICOTHER
C-0614,HEAD-FLANGEDOTHER
C-0615,ELBOW
C-0616,ELBOW
C-0617,FLANGEOTHER
C-0618,FLANGE
C-0619,FLANGE
C-0620,BOSSOTHER
C-0621,HEAD-FLANGE
C-0622,HEAD-FLANGED
C-0623,ADAPTER-WELD
C-0624,CONNECTOR-ORFS
C-0625,MANIFOLD
C-0626,FLANGEOTHER
C-0627,ADAPTEROTHER
C-0628,HEADO-RING
C-0629,TUBEOTHER
C-0630,TUBEOTHER
C-0631,BLOCKOTHER
C-0632,FLANGE
C-0633,PLATEOTHER
C-0634,TUBEOTHER
C-0635,TUBEOTHER
C-0636,ADAPTEROTHER
C-0637,FLANGEOTHER
C-0638,CONNECTOR
C-0639,FLANGEOTHER
C-0640,FLANGEOTHER
C-0641,FLANGE
C-0642,FLANGEOTHER
C-0643,FLANGE
C-0644,RINGOTHER
C-0645,ADAPTEROTHER
C-0646,ELBOW-HYDRAULIC
C-0647,TUBE-AS-DRAIN
C-0648,FLANGEOTHER
C-0649,FLANGEOTHER
C-0650,FLANGEOTHER
C-0651,FITTING
C-0652,FLANGE-WELD
C-0653,HEAD-O-RING
C-0654,ELBOWOTHER
C-0655,FLANGEOTHER
C-0656,FLANGEOTHER
C-0657,PLATEOTHER
C-0658,PLATEOTHER
C-0659,PLATEOTHER
C-0660,TUBEOTHER
C-0661,STRAPOTHER
C-0662,PLATEOTHER
C-0663,TUBEOTHER
C-0664,TUBEOTHER
C-0665,TUBEOTHER
C-0666,TUBEOTHER
C-0667,CONNECTOR-WELDOTHER
C-0668,PLATEOTHER
C-0669,PLATEOTHER
C-0670,TUBEOTHER
C-0671,TUBEOTHER
C-0672,ADAPTEROTHER
C-0673,ADAPTEROTHER
C-0674,FLANGEOTHER
C-0675,FLANGEOTHER
C-0676,FLANGEOTHER
C-0677,FLANGEOTHER
C-0678,BOSS
C-0679,FLANGE-4-BOLT
C-0680,ELBOWOTHER
C-0681,FLANGEOTHER
C-0682,ELBOWOTHER
C-0683,CONNECTOR-ORFS
C-0684,BUSHINGOTHER
C-0685,CAP-AS
C-0686,TUBE-AS
C-0687,BLOCKOTHER
C-0688,ELBOW
C-0689,FLANGE-ONEPIEC
C-0690,TUBEOTHER
C-0691,TUBEOTHER
C-0692,TUBEOTHER
C-0693,TUBEOTHER
C-0694,TUBEOTHER
C-0695,BLOCKOTHER
C-0696,COUPLING1BSP
C-0697,CONNECTOR-BRAZE
C-0698,FLANGE-ONEPIEC
C-0699,BOSS
C-0700,ADAPTER
C-0701,ADAPTER
C-0702,CONNECTOR-BULKH
C-0703,HEAD-FLANGED
C-0704,TUBEOTHER
C-0705,TUBEOTHER
C-0706,FLANGEOTHER
C-0707,FLANGEOTHER
C-0708,FLANGEOTHER
C-0709,HEAD-O-RINGSEAL
C-0710,FLANGEOTHER
C-0711,PLATEOTHER
C-0712,PLATEOTHER
C-0713,ORIFICEOTHER
C-0714,TUBEOTHER
C-0715,ADAPTER
C-0716,ADAPTERRING
C-0717,FLANGEOTHER
C-0718,CONNECTOR-WELDOTHER
C-0719,FLANGE-AS
C-0720,BOSS
C-0721,TUBEOTHER
C-0722,PLATE
C-0723,BOSS
C-0724,TUBE-BULKOTHER
C-0725,BAROTHER
C-0726,TUBEOTHER
C-0727,FLANGEOTHER
C-0728,ELBOWOTHER
C-0729,ELBOWOTHER
C-0730,TUBEOTHER
C-0731,BLOCKOTHER
C-0732,FLANGE
C-0733,ELBOW-HYDRAULICOTHER
C-0734,FLANGE
C-0735,CAPOTHER
C-0736,PLATEOTHER
C-0737,FLANGE
C-0738,BRACKETOTHER
C-0739,FLANGE
C-0740,CONNECTOR
C-0741,HEAD-FLANGED
C-0742,ORIFICEOTHER
C-0743,ORIFICEOTHER
C-0744,ORIFICEOTHER
C-0745,ORIFICEOTHER
C-0746,BRACKETOTHER
C-0747,HEAD-FLANGE
C-0748,HEAD-FLANGE
C-0749,NUT-ORFSOTHER
C-0750,FLANGE
C-0751,FLANGEOTHER
C-0752,FLANGEOTHER
C-0753,TUBEOTHER
C-0754,BOSSOTHER
C-0755,BOSS
C-0756,TUBEOTHER
C-0757,ELBOWOTHER
C-0758,TUBE-BAFFLEOTHER
C-0759,ADAPTEROTHER
C-0760,SLEEVE-ORFSOTHER
C-0761,FLANGE
C-0762,FLANGEOTHER
C-0763,BLOCKOTHER
C-0764,COVEROTHER
C-0765,ADAPTEROTHER
C-0766,TUBEOTHER
C-0767,CONNECTOROTHER
C-0768,TEE
C-0769,ELBOW-90°
C-0770,BLOCK
C-0771,FLANGEOTHER
C-0772,FLANGEOTHER
C-0773,BLOCKOTHER
C-0774,ADAPTEROTHER
C-0775,CONNECTOR
C-0776,PLATEOTHER
C-0777,FLANGEOTHER
C-0778,FLANGE
C-0779,FLANGEOTHER
C-0780,BLOCK
C-0781,FLANGEOTHER
C-0782,FLANGE
C-0783,FLANGEOTHER
C-0784,ADAPTEROTHER
C-0785,PLATEOTHER
C-0786,TUBEOTHER
C-0787,FLANGE
C-0788,TUBE-AS
C-0789,ELBOW
C-0790,FLANGEOTHER
C-0791,CONNECTOR-WELD
C-0792,FLANGE
C-0793,FLANGE
C-0794,ELBOW-HYDRAULICOTHER
C-0795,FLANGEOTHER
C-0796,BLOCK
C-0797,FLANGE
C-0798,TUBEOTHER
C-0799,FLANGE
C-0800,ADAPTER-OIL-GA
C-0801,ELBOW-AIR-CRS
C-0802,ELBOW
C-0803,ADAPTEROTHER
C-0804,FLANGE
C-0805,TEE-BULKHEAD
C-0806,TEE
C-0807,TEE
C-0808,FLANGE-ONEPIEC
C-0809,CLEATOTHER
C-0810,BLOCKOTHER
C-0811,BRACKET-AS
C-0812,PLATEOTHER
C-0813,WASHEROTHER
C-0814,CLAMP-INJLINE
C-0815,CLAMP-INJLINE
C-0816,BOSS
C-0817,BOSS
C-0818,SPACEROTHER
C-0819,FLANGE
C-0820,ELBOW
C-0821,ELBOW
C-0822,ELBOW
C-0823,NUT-INVFLARED
C-0824,CAP-A/COTHER
C-0825,ADAPTEROTHER
C-0826,ELBOW-FLARED
C-0827,BOSS
C-0828,HASP-OILFILLER
C-0829,HEAD-FLANGED
C-0830,SLEEVE-FITTING
C-0831,NUT
C-0832,CONNECTOR-FLARED
C-0833,CONNECTOR-FLARE
C-0834,FLANGEOTHER
C-0835,TUBEOTHER
C-0836,FLANGE
C-0837,BOSS
C-0838,PLATE
C-0839,ELBOW
C-0840,FLANGE
C-0841,TUBE-AS
C-0842,TUBE-AS
C-0843,ORIFICEOTHER
C-0844,PLATEOTHER
C-0845,TUBEOTHER
C-0846,FLANGE
C-0847,TUBE-AS
C-0848,FLANGEOTHER
C-0849,CAP-AS-O
C-0850,FLANGE
C-0851,ELBOWOTHER
C-0852,FLANGEOTHER
C-0853,GUSSETOTHER
C-0854,BOSS
C-0855,SLEEVE-CRIMPOTHER
C-0856,PLATEOTHER
C-0857,RODOTHER
C-0858,TUBEOTHER
C-0859,FLANGEOTHER
C-0860,NIPPLE-AS-90
C-0861,NOZZLEOTHER
C-0862,ORIFICEOTHER
C-0863,FLANGEOTHER
C-0864,NIPPLE-AS-45
C-0865,NIPPLE-AS-90
C-0866,NIPPLE-AS-90
C-0867,NIPPLE-AS-45
C-0868,NIPPLE-AS-45
C-0869,FLANGE
C-0870,TUBEOTHER
C-0871,ADAPTEROTHER
C-0872,NIPPLE-BRAZE
C-0873,NIPPLE-BRAZE
C-0874,NIPPLE-BRAZE
C-0875,FLANGE
C-0876,FLANGEOTHER
C-0877,NUT-SWIVELOTHER
C-0878,NIPPLE-AS-77
C-0879,BRACKETOTHER
C-0880,FLANGE
C-0881,FLANGE
C-0882,ELBOW-SWIVEL
C-0883,PLATE-AS
C-0884,SOCKETOTHER
C-0885,TUBE-AS
C-0886,TUBE-AS
C-0887,TUBE-AS
C-0888,TUBE-AS
C-0889,SOCKETOTHER
C-0890,BOSSOTHER
C-0891,FLANGE
C-0892,CLEATOTHER
C-0893,BOSS
C-0894,FLANGE
C-0895,ELBOW-45°ORFS
C-0896,COUPLING-PIPEOTHER
C-0897,COUPLINGOTHER
C-0898,PLATEOTHER
C-0899,BLOCK
C-0900,CONNECTOR-BRAZE
C-0901,NUT-37°FLARED
C-0902,FLANGEOTHER
C-0903,BRACKETOTHER
C-0904,FLANGEOTHER
C-0905,ELBOW
C-0906,ADAPTEROTHER
C-0907,FITTINGOTHER
C-0908,PLATEOTHER
C-0909,PLATEOTHER
C-0910,ELBOW
C-0911,CONNECTOR
C-0912,ELBOW-90DEG
C-0913,BLOCK-CONNECTIO
C-0914,BLOCK-CONNECTIO
C-0915,PINOTHER
C-0916,MANIFOLDOTHER
C-0917,FLANGE-HEAD
C-0918,PLATE-AS
C-0919,REQUIREMENTSOTHER
C-0920,BOSS
C-0921,BOSSOTHER
C-0922,CAP-ORIFICEOTHER
C-0923,HEAD-ADAPTEROTHER
C-0924,HEAD-ADAPTEROTHER
C-0925,STUDOTHER
C-0926,FLANGEOTHER
C-0927,FLANGE-WELD
C-0928,BRACKETOTHER
C-0929,PLATEOTHER
C-0930,BOSS
C-0931,ELBOW
C-0932,SLEEVEOTHER
C-0933,PLATEOTHER
C-0934,PLATEOTHER
C-0935,NUT-A/COTHER
C-0936,HEAD-ADAPTEROTHER
C-0937,BLOCK-CONNECTION
C-0938,ADAPTER
C-0939,FLANGEOTHER
C-0940,FLANGE
C-0941,FLANGE
C-0942,FLANGE
C-0943,FLANGE
C-0944,FLANGE
C-0945,ADAPTER
C-0946,FLANGE
C-0947,ADAPTER
C-0948,ADAPTER
C-0949,ADAPTER
C-0950,ADAPTEROTHER
C-0951,ADAPTEROTHER
C-0952,ADAPTEROTHER
C-0953,ADAPTEROTHER
C-0954,FLANGEOTHER
C-0955,ELBOW-HYDRAULICOTHER
C-0956,FLANGE
C-0957,ADAPTEROTHER
C-0958,ADAPTEROTHER
C-0959,FLANGE
C-0960,FLANGE
C-0961,FLANGE
C-0962,FLANGEOTHER
C-0963,FLANGE
C-0964,ADAPTEROTHER
C-0965,BOSS
C-0966,FLANGE
C-0967,BRACKETOTHER
C-0968,TUBEOTHER
C-0969,TUBEOTHER
C-0970,FLANGE-4-BOLT
C-0971,TEE-ORFS
C-0972,FLANGE-TIG
C-0973,FLANGE-HEAD
C-0974,ELBOW-90
C-0975,FLANGEOTHER
C-0976,FLANGE-SPECIAL
C-0977,FLANGE
C-0978,FLANGE-ONEPIECE
C-0979,ADAPTEROTHER
C-0980,TUBEOTHER
C-0981,PLATEOTHER
C-0982,ELBOWOTHER
C-0983,TUBE-AS
C-0984,TUBE-AS
C-0985,TUBE-WATEROTHER
C-0986,PLATEOTHER
C-0987,ELBOWOTHER
C-0988,FLANGEOTHER
C-0989,BLOCKOTHER
C-0990,BLOCK-AS
C-0991,PLATE-OUTEROTHER
C-0992,BLOCKOTHER
C-0993,FLANGEOTHER
C-0994,FLANGE-ONE-PIEC
C-0995,BLOCKOTHER
C-0996,FLANGEOTHER
C-0997,FILLER-AS
C-0998,BLOCKOTHER
C-0999,ELBOW-HYDRAULIC
C-1000,ELBOW-90DEG
C-1001,TEEOTHER
C-1002,PLATEOTHER
C-1003,TUBE-AS
C-1004,ELBOW
C-1005,FLANGE-ONEPIEC
C-1006,ELBOW-HYDRAULIC
C-1007,TUBEOTHER
C-1008,ELBOW-CASTOTHER
C-1009,FLANGEOTHER
C-1010,FLANGEOTHER
C-1011,TUBEOTHER
C-1012,POSTOTHER
C-1013,FITTING-FLANGEOTHER
C-1014,FLANGE-ONEPIEC
C-1015,TUBEOTHER
C-1016,TUBEOTHER
C-1017,CONNECTOR-WELDOTHER
C-1018,CONNECTOR-WELDOTHER
C-1019,VALVE-BODY
C-1020,FLANGEOTHER
C-1021,COUPLING-AS
C-1022,SPACEROTHER
C-1023,BRACKETOTHER
C-1024,ELBOW
C-1025,TUBEOTHER
C-1026,BRACKETOTHER
C-1027,FILLEROTHER
C-1028,TUBEOTHER
C-1029,BOSS
C-1030,FLANGEOTHER
C-1031,GUSSETOTHER
C-1032,RINGOTHER
C-1033,RINGOTHER
C-1034,ELBOW-HYDRAULICOTHER
C-1035,SLEEVE-REDUCER
C-1036,FLANGEOTHER
C-1037,FITTINGOTHER
C-1038,PLATEOTHER
C-1039,STEM-BRAZED
C-1040,SHELLOTHER
C-1041,STEM-BRAZED
C-1042,SHELLOTHER
C-1043,STEM-BRAZED
C-1044,SHELLOTHER
C-1045,CONNECTOR-WELD
C-1046,TEE-HYDRAULICOTHER
C-1047,CONNECTOR-WELDOTHER
C-1048,CONNECTOR-WELDOTHER
C-1049,BRACKETOTHER
C-1050,BLOCKOTHER
C-1051,TUBEOTHER
C-1052,TUBEOTHER
C-1053,TUBEOTHER
C-1054,TUBEOTHER
C-1055,PLATEOTHER
C-1056,TUBE-AS
C-1057,PIPEOTHER
C-1058,SLEEVE-ORFSOTHER
C-1059,NUT-ORFS
C-1060,PLATEOTHER
C-1061,ADAPTER-PIPEOTHER
C-1062,FLANGEOTHER
C-1063,PLATEOTHER
C-1064,TUBEOTHER
C-1065,BOSS
C-1066,FLANGE
C-1067,CONNECTOR
C-1068,PLATEOTHER
C-1069,BLOCK
C-1070,TUBEOTHER
C-1071,FLANGE
C-1072,ELBOW-90DEG
C-1073,PLATEOTHER
C-1074,CONNECTOR-BRAZED
C-1075,PLATEOTHER
C-1076,ELBOW-HYDRAULICOTHER
C-1077,PLATEOTHER
C-1078,ADAPTER-STR
C-1079,PLATE-AS
C-1080,ADAPTER-PIPEOTHER
C-1081,BOSSOTHER
C-1082,BELLOW-AS
C-1083,BELLOW-AS
C-1084,TUBEOTHER
C-1085,FITTING-BRAZEOTHER
C-1086,ELBOWOTHER
C-1087,TUBEOTHER
C-1088,TUBEOTHER
C-1089,BOSS
C-1090,CONNECTOR-WELDOTHER
C-1091,CONNECTOR-WELDOTHER
C-1092,CONNECTOR-WELDOTHER
C-1093,BRACKETOTHER
C-1094,FLANGEOTHER
C-1095,ELBOWOTHER
C-1096,FLANGE
C-1097,FLANGEOTHER
C-1098,BOSSOTHER
C-1099,ADAPTEROTHER
C-1100,BOSS-SADDLEOTHER
C-1101,BOSS-SADDLEOTHER
C-1102,FLANGE
C-1103,COVEROTHER
C-1104,SCREENOTHER
C-1105,SHROUDOTHER
C-1106,FLANGEOTHER
C-1107,FLANGEOTHER
C-1108,TUBEOTHER
C-1109,FLANGEOTHER
C-1110,BOSS-SADDLEOTHER
C-1111,BOSSOTHER
C-1112,BOSSOTHER
C-1113,HEAD-FLANGED
C-1114,HOSEOTHER
C-1115,FLANGE
C-1116,BOSSOTHER
C-1117,BOSS
C-1118,PLATEOTHER
C-1119,FLANGEOTHER
C-1120,FLANGEOTHER
C-1121,FLANGEOTHER
C-1122,TUBEOTHER
C-1123,BOSS-SADDLE
C-1124,BOSS-SADDLE
C-1125,TUBEOTHER
C-1126,FLANGEOTHER
C-1127,BOSS-SADDLE
C-1128,TUBE-AS-COUPLING
C-1129,PLATEOTHER
C-1130,BOSSOTHER
C-1131,TUBEOTHER
C-1132,PLATEOTHER
C-1133,ADAPTEROTHER
C-1134,TUBEOTHER
C-1135,FLANGE
C-1136,CONNECTOR-SEALOTHER
C-1137,ADAPTER-AS
C-1138,ADAPTEROTHER
C-1139,BOSSOTHER
C-1140,BOSSOTHER
C-1141,ADAPTER-PIPEOTHER
C-1142,FLANGEOTHER
C-1143,BOSSOTHER
C-1144,BOSSOTHER
C-1145,HEAD-FLANGED
C-1146,CAP-AS
C-1147,PLATEOTHER
C-1148,ADAPTEROTHER
C-1149,FLANGE-ONEPIECE
C-1150,PLATEOTHER
C-1151,PLATEOTHER
C-1152,ADAPTEROTHER
C-1153,PLATEOTHER
C-1154,FLANGEOTHER
C-1155,FLANGEOTHER
C-1156,FLANGEOTHER
C-1157,FLANGEOTHER
C-1158,PLATEOTHER
C-1159,BOSSOTHER
C-1160,FLANGEOTHER
C-1161,BOSSOTHER
C-1162,BRACKETOTHER
C-1163,BRACKETOTHER
C-1164,TUBEOTHER
C-1165,TUBEOTHER
C-1166,CONNECTOROTHER
C-1167,BOSSOTHER
C-1168,FLANGEOTHER
C-1169,BRACKETOTHER
C-1170,BOSS-SADDLEOTHER
C-1171,BOSS-SADDLE
C-1172,FLANGEOTHER
C-1173,BRACKETOTHER
C-1174,FLANGEOTHER
C-1175,FLANGEOTHER
C-1176,FLANGEOTHER
C-1177,FLANGEOTHER
C-1178,FLANGEOTHER
C-1179,FLANGEOTHER
C-1180,FLANGEOTHER
C-1181,CONNECTOROTHER
C-1182,TUBE-AS
C-1183,FLANGEOTHER
C-1184,FLANGEOTHER
C-1185,FLANGEOTHER
C-1186,BOSSOTHER
C-1187,FLANGEOTHER
C-1188,FLANGEOTHER
C-1189,CONNECTOROTHER
C-1190,ADAPTEROTHER
C-1191,FLANGEOTHER
C-1192,TUBE-BULK
C-1193,TUBEOTHER
C-1194,COUPLING-PIPE
C-1195,COUPLING-PIPE
C-1196,COUPLING-PIPE
C-1197,COUPLING-PIPE
C-1198,COUPLING-PIPE
C-1199,FITTING-TUBE
C-1200,NUT-45-DEG
C-1201,NUT-45-DEG
C-1202,NUT-45-DEG
C-1203,FLANGE
C-1204,FITTING-FILLEROTHER
C-1205,NUT-FITTINGOTHER
C-1206,SLEEVE-FITTINGOTHER
C-1207,HEAD-FLANGED
C-1208,ELBOW
C-1209,ELBOW-90DEG
C-1210,FLANGE-ONEPIEC
C-1211,CONNECTOROTHER
C-1212,FLANGE-ONEPIEC
C-1213,CAP-A/COTHER
C-1214,CAP-A/COTHER
C-1215,VALVE-AS
C-1216,VALVE-AS
C-1217,ADAPTER-A/COTHER
C-1218,CONNECTOR
C-1219,ELBOW
C-1220,TEEOTHER
C-1221,ELBOW-90DEGREE
C-1222,WASHEROTHER
C-1223,HOOK-SOTHER
C-1224,FLANGE-ONEPIEC
C-1225,BOSS
C-1226,SPACEROTHER
C-1227,SEAL-O-RINGOTHER
C-1228,SEAL-O-RINGOTHER
C-1229,NUT-FLARED
C-1230,NUT-FLARED
C-1231,BOSS
C-1232,LUGOTHER
C-1233,BOSS
C-1234,FLANGE
C-1235,FLANGE-ONEPIEC
C-1236,FLANGE-ONEPIECE
C-1237,TEE-FLAREDOTHER
C-1238,ELBOW-FLARED
C-1239,ELBOW
C-1240,HEAD-FLANGEDOTHER
C-1241,BOSSOTHER
C-1242,HEAD-FLANGED
C-1243,NUT
C-1244,SLEEVE
C-1245,FLANGE-WELD
C-1246,PLUG-ORIFICEOTHER
C-1247,ELBOW
C-1248,BLOCKOTHER
C-1249,BRACKETOTHER
C-1250,PLATEOTHER
C-1251,FLANGE-CAPTIVEOTHER
C-1252,TUBE-AS
C-1253,BAROTHER
C-1254,COLLAROTHER
C-1255,ELBOW
C-1256,FITTING
C-1257,BOSS
C-1258,PLATEOTHER
C-1259,BOSS
C-1260,BOSSOTHER
C-1261,BOSSOTHER
C-1262,FLANGEOTHER
C-1263,TUBEOTHER
C-1264,PLATEOTHER
C-1265,FLANGE-WELDOTHER
C-1266,FLANGEOTHER
C-1267,BOSSOTHER
C-1268,ADAPTER-STROTHER
C-1269,FLANGEOTHER
C-1270,BOSSOTHER
C-1271,BOSSOTHER
C-1272,TUBEOTHER
C-1273,BOSSOTHER
C-1274,BOSSOTHER
C-1275,FLANGEOTHER
C-1276,FLANGEOTHER
C-1277,FLANGEOTHER
C-1278,FLANGEOTHER
C-1279,BOSSOTHER
C-1280,BOSSOTHER
C-1281,FLANGEOTHER
C-1282,BRACKETOTHER
C-1283,FLANGEOTHER
C-1284,FLANGEOTHER
C-1285,FLANGEOTHER
C-1286,HEAD-FLANGEDOTHER
C-1287,FLANGEOTHER
C-1288,FLANGEOTHER
C-1289,FLANGEOTHER
C-1290,TUBEOTHER
C-1291,TUBEOTHER
C-1292,TUBEOTHER
C-1293,RINGOTHER
C-1294,BOSSOTHER
C-1295,TUBEOTHER
C-1296,BRACKETOTHER
C-1297,FLANGEOTHER
C-1298,TEE-ORFS-BRAZE
C-1299,TUBE-AS
C-1300,FLANGEOTHER
C-1301,FLANGEOTHER
C-1302,FLANGEOTHER
C-1303,FLANGEOTHER
C-1304,FLANGEOTHER
C-1305,BOSSOTHER
C-1306,FLANGEOTHER
C-1307,BOSS-SADDLEOTHER
C-1308,BOSS
C-1309,REDUCEROTHER
C-1310,WASHEROTHER
C-1311,RIVETOTHER
C-1312,NUT-FLARED
C-1313,NUT-INVFLARED
C-1314,FLANGE
C-1315,FLANGE
C-1316,BOSS
C-1317,ELBOW
C-1318,BOSS
C-1319,BRACKETOTHER
C-1320,BOSS
C-1321,PLATEOTHER
C-1322,FLANGEOTHER
C-1323,PLUG-COREOTHER
C-1324,CLIPOTHER
C-1325,PIN-SPRINGOTHER
C-1326,FLANGE
C-1327,ELBOW
C-1328,FLANGE-WELD
C-1329,FLANGE
C-1330,ANGLEOTHER
C-1331,FLANGE-ONEPIEC
C-1332,SLEEVE-ORFS
C-1333,ELBOW
C-1334,ELBOW
C-1335,ELBOW
C-1336,ELBOW
C-1337,ELBOW
C-1338,CONNECTOR-WELD
C-1339,ELBOW
C-1340,BOSS
C-1341,RIVET-POPOTHER
C-1342,HEAD-FLANGED
C-1343,HEAD-FLANGED
C-1344,HEAD-FLANGED
C-1345,FLANGE-ONEPIEC
C-1346,HEAD-FLANGED
C-1347,HEAD-FLANGED
C-1348,ELBOW
C-1349,ELBOW
C-1350,ELBOW
C-1351,FLANGE
C-1352,FLANGE
C-1353,ELBOWOTHER
C-1354,FLANGE
C-1355,ADAPTEROTHER
C-1356,CLIPOTHER
C-1357,FLANGE
C-1358,ADAPTEROTHER
C-1359,LUGOTHER
C-1360,TUBE-AS
C-1361,ADAPTEROTHER
C-1362,ELBOW
C-1363,ELBOW
C-1364,ELBOW-WATEROTHER
C-1365,ADAPTER-DRAIN
C-1366,ELBOWOTHER
C-1367,ADAPTEROTHER
C-1368,FLANGE
C-1369,COLLAROTHER
C-1370,FLANGE
C-1371,ELBOWOTHER
C-1372,FLANGEOTHER
C-1373,FLANGE
C-1374,NUTOTHER
C-1375,NUTOTHER
C-1376,FLANGE
C-1377,ELBOWOTHER
C-1378,ELBOW
C-1379,NUT-FUELINJ
C-1380,NUT-FLAREDOTHER
C-1381,SLEEVE-FLAREDOTHER
C-1382,NUT-FLAREDOTHER
C-1383,SLEEVE-FLAREDOTHER
C-1384,NUT-FLARED
C-1385,NUT-FLAREDOTHER
C-1386,SLEEVE-FLAREDOTHER
C-1387,FITTINGOTHER
C-1388,TUBE-BAFFLEOTHER
C-1389,ELBOW
C-1390,FLANGE
C-1391,ELBOWOTHER
C-1392,FLANGE-ONEPIEC
C-1393,FITTING
C-1394,HEAD-SEAL
C-1395,TUBE-AS-LH
C-1396,TUBE-AS-RH
C-1397,SCREENOTHER
C-1398,COLLAROTHER
C-1399,FLANGEOTHER
C-1400,TUBE-AS-SUPPLY
C-1401,ELBOWOTHER
C-1402,FLANGEOTHER
C-1403,WASHER-FUELINJ
C-1404,ELBOW-HYDRAULIC
C-1405,ELBOW-HYDRAULIC
C-1406,HEAD-FLANGEDOTHER
C-1407,FLANGE-ONEPIECE
C-1408,FLANGE-ONEPIEC
C-1409,ELBOW-HYDRAULIC
C-1410,BOSS
C-1411,BOSS
C-1412,FLANGE
C-1413,FLANGE
C-1414,ADAPTEROTHER
C-1415,FLANGE
C-1416,RODOTHER
C-1417,BOSS
C-1418,FLANGE-ONEPIEC
C-1419,ELBOW
C-1420,SLEEVE-FITTING
C-1421,NUT-FITTING
C-1422,COUPLING-AS
C-1423,CONNECTOR
C-1424,COUPLING-AS
C-1425,FITTINGOTHER
C-1426,FITTING
C-1427,PLATE-CONNECTOR
C-1428,ELBOW
C-1429,ELBOW
C-1430,FLANGE
C-1431,BOSS
C-1432,ELBOW
C-1433,FLANGE-ONEPIECE
C-1434,FLANGE
C-1435,NUT-FLARED
C-1436,STUD-WELDOTHER
C-1437,FITTINGOTHER
C-1438,PLUG-PIPEOTHER
C-1439,NUT-FUELLINE
C-1440,FLANGE-ONEPIEC
C-1441,ADAPTER-O-RING
C-1442,NUT-FLARED
C-1443,SLEEVE-FLARED
C-1444,FLANGE-ONEPIEC
C-1445,ELBOW-FLARED
C-1446,FLANGE-ONEPIEC
C-1447,FLANGE-ONEPIEC
C-1448,FLANGE-ONEPIEC
C-1449,HEAD-FLANGE
C-1450,FLANGE-ONEPIEC
C-1451,HEAD-FLANGE
C-1452,FLANGE-CAPTIVE
C-1453,FLANGE-CAPTIVE
C-1454,FLANGE-ONEPIEC
C-1455,FLANGE-ONEPIECE
C-1456,FLANGE-ONEPIEC
C-1457,FLANGE-ONEPIEC
C-1458,FLANGE-ONEPIEC
C-1459,FLANGE-ONEPIEC
C-1460,FLANGE-ONEPIECE
C-1461,FLANGE-ONEPIEC
C-1462,FLANGE-ONEPIEC
C-1463,FLANGE-ONEPIECE
C-1464,FLANGE-ONEPIEC
C-1465,FLANGE-ONEPIECE
C-1466,NUT-A/COTHER
C-1467,FLANGE-ONEPIEC
C-1468,FITTING-A/C
C-1469,NUT-A/C
C-1470,NUT-A/C
C-1471,FLANGE-ONEPIEC
C-1472,FITTING-A/COTHER
C-1473,FITTING-A/COTHER
C-1474,NUT-A/COTHER
C-1475,NUT-A/C
C-1476,NUT-A/COTHER
C-1477,NUT-A/COTHER
C-1478,NUT-A/COTHER
C-1479,CONNECTOR
C-1480,ADAPTER-A/COTHER
C-1481,ADAPTER-A/COTHER
C-1482,HEAD-FLANGED
C-1483,ADAPTER-A/COTHER
C-1484,FLANGE-ONEPIEC
C-1485,WASHER-HARDOTHER
C-1486,NUT-A/C
C-1487,FLANGE-ONEPIEC
C-1488,ELBOW-HYDRAULIC
C-1489,BOSS
C-1490,BOSSOTHER
C-1491,FITTINGOTHER
C-1492,FLANGE
C-1493,HEAD-FLANGED
C-1494,HEAD-FLANGED
C-1495,HEAD-FLANGED
C-1496,FLANGE-SADDLE
C-1497,BRACKETOTHER
C-1498,BOSSOTHER
C-1499,FLANGEOTHER
C-1500,ELBOW
C-1501,FLANGE
C-1502,ADAPTEROTHER
C-1503,FITTING
C-1504,HANGER-COATOTHER
C-1505,BOSS
C-1506,BOSS
C-1507,BOSS
C-1508,PLATEOTHER
C-1509,BRACKETOTHER
C-1510,PLATEOTHER
C-1511,WASHEROTHER
C-1512,CLEATOTHER
C-1513,FLANGE
C-1514,ELBOW
C-1515,SHEETOTHER
C-1516,BAFFLEOTHER
C-1517,FLANGEOTHER
C-1518,FLANGE
C-1519,WASHEROTHER
C-1520,FLANGE
C-1521,FLANGEOTHER
C-1522,TUBE-BAFFLEOTHER
C-1523,PLATEOTHER
C-1524,PLATEOTHER
C-1525,PLATEOTHER
C-1526,PLATEOTHER
C-1527,ELBOW
C-1528,BOSSOTHER
C-1529,CONNECTOROTHER
C-1530,BOSS
C-1531,BODY-RELIEFV
C-1532,FLANGEOTHER
C-1533,NUTOTHER
C-1534,FLANGE
C-1535,BOSS
C-1536,BOSS
C-1537,FITTING
C-1538,ELBOW
C-1539,ELBOW
C-1540,CLIPOTHER
C-1541,CLIPOTHER
C-1542,ELBOW
C-1543,FLANGE
C-1544,HEAD-FLANGED
C-1545,HEAD-FLANGED
C-1546,ADAPTER-PIPE
C-1547,CONNECTOR
C-1548,FLANGE-CAPTIVEOTHER
C-1549,FLANGE
C-1550,ADAPTER-OILLIN
C-1551,COLLAR
C-1552,FLANGE
C-1553,HEAD-FLANGED
C-1554,NUT-INJLINE
C-1555,FLANGE
C-1556,TUBEOTHER
C-1557,BOSS
C-1558,PLATEOTHER
C-1559,ADAPTEROTHER
C-1560,FLANGEOTHER
C-1561,ADAPTEROTHER
C-1562,COVER-FRONTHSG
C-1563,CLIPOTHER
C-1564,CAP-AS-FILLER
C-1565,ADAPTER-OSUPPL
C-1566,ELBOW
C-1567,CLIPOTHER
C-1568,FLANGE
C-1569,TUBE-AS
C-1570,ADAPTEROTHER
C-1571,SLEEVEOTHER
C-1572,TUBE-AS
C-1573,FLANGEOTHER
C-1574,ORIFICEOTHER
C-1575,ELBOW
C-1576,ELBOW
C-1577,NUT-FLARED
C-1578,CONNECTOR
C-1579,BOSS
C-1580,BOSS
C-1581,TUBEOTHER
C-1582,PINOTHER
C-1583,ADAPTER-STR
C-1584,FLANGE-CAPTIVE
C-1585,PLUG
C-1586,PLUG
C-1587,PLUG
C-1588,PLUG
C-1589,PLUG
C-1590,FLANGE-ONEPIECE
C-1591,FLANGE-ONEPIEC
C-1592,FLANGE-ONEPIEC
C-1593,ELBOW
C-1594,FLANGE-ONEPIEC
C-1595,BOLTOTHER
C-1596,NUT-A/COTHER
C-1597,BOLT-HEXHEAD
C-1598,ELBOW-HYDRAULIC
C-1599,ELBOW-HYDRAULIC
C-1600,ELBOW-HYDRAULIC
C-1601,ELBOW-HYDRAULIC
C-1602,ELBOW-HYDRAULIC
C-1603,ELBOW-HYDRAULIC
C-1604,ELBOW-HYDRAULIC
C-1605,ELBOW-HYDRAULIC
C-1606,ELBOW-HYDRAULIC
C-1607,ELBOW-HYDRAULIC
C-1608,ELBOW-HYDRAULIC
C-1609,ELBOW-HYDRAULIC
C-1610,ELBOW-HYDRAULIC
C-1611,ELBOW-HYDRAULIC
C-1612,ELBOW-HYDRAULIC
C-1613,ELBOW-HYDRAULIC
C-1614,FLANGE
C-1615,FLANGE
C-1616,FLANGE-ONEPIEC
C-1617,FLANGE-ONEPIECE
C-1618,SEAL-O-RING-ORFSOTHER
C-1619,SEAL-O-RING-ORFSOTHER
C-1620,NUT-SWIVEL
C-1621,NUT-SWIVEL
C-1622,NUT-SWIVEL
C-1623,NUT-SWIVEL
C-1624,NUT-SWIVEL
C-1625,NUT-SWIVEL
C-1626,NUT-SWIVEL
C-1627,SLEEVE-ORFS
C-1628,SLEEVE-ORFS
C-1629,SLEEVE-ORFS
C-1630,SLEEVE-ORFS
C-1631,SLEEVE-ORFS
C-1632,SLEEVE-ORFS
C-1633,SLEEVE-ORFS
C-1634,ADAPTER-STR
C-1635,SLEEVE-FACESEAL
C-1636,ELBOW-HYDRAULIC
C-1637,CONNECTOR-SEAL
C-1638,CONNECTOR-SEAL
C-1639,CONNECTOR-SEAL
C-1640,CONNECTOR-SEAL
C-1641,CONNECTOR-SEAL
C-1642,CONNECTOR-SEAL
C-1643,CONNECTOR-ORFS
C-1644,CONNECTOR-SEAL
C-1645,CONNECTOR-SEAL
C-1646,CONNECTOR-SEAL
C-1647,CONNECTOR-SEAL
C-1648,CONNECTOR-SEAL
C-1649,CONNECTOR-SEAL
C-1650,CONNECTOR-SEAL
C-1651,NUT-SWIVELOTHER
C-1652,SLEEVE-REDUCER
C-1653,SLEEVE-REDUCER
C-1654,SLEEVE-REDUCER
C-1655,SLEEVE-REDUCER
C-1656,SLEEVE-REDUCER
C-1657,SLEEVE-REDUCER
C-1658,SLEEVE-REDUCER
C-1659,SLEEVE-REDUCER
C-1660,SLEEEVE-REDUCER
C-1661,SLEEVE-REDUCER
C-1662,CAP-ORFSOTHER
C-1663,CONNECTOR-BHDOTHER
C-1664,FLANGEOTHER
C-1665,FLANGE
C-1666,MANIFOLDOTHER
C-1667,PLATEOTHER
C-1668,ADAPTEROTHER
C-1669,LUGOTHER
C-1670,FLANGE
C-1671,WASHER-FUELINJ
C-1672,WASHER-FUELINJ
C-1673,FLANGE-SPL
C-1674,NUT-FUELINJ
C-1675,TUBE-AS-FUEL
C-1676,TUBE-AS-FUEL
C-1677,NUT-FUELINJ
C-1678,FLANGE
C-1679,BRACKETOTHER
C-1680,FLANGE
C-1681,HOUSING
C-1682,FLANGE
C-1683,FLANGE
C-1684,FLANGE
C-1685,FLANGE
C-1686,ELBOW
C-1687,FLANGE
C-1688,NUT-FINJ
C-1689,COLLAROTHER
C-1690,ELBOWOTHER
C-1691,ELBOWOTHER
C-1692,SPACEROTHER
C-1693,PLATEOTHER
C-1694,BOSS
C-1695,ADAPTER
C-1696,ADAPTEROTHER
C-1697,BOSS
C-1698,BOSS
C-1699,BOSS
C-1700,ELBOW-SWIVEL
C-1701,COUPLING-AS
C-1702,ELBOW-SWIVEL
C-1703,SLEEVE-ORFS
C-1704,COUPLING-AS
C-1705,FLANGE
C-1706,FLANGE-ONEPIECE
C-1707,FITTING
C-1708,FITTING
C-1709,PLUGOTHER
C-1710,CONNECTOR-SPL
C-1711,HEAD-FLANGED
C-1712,HEAD-FLANGED
C-1713,RING
C-1714,CONNECTOR-FLARE
C-1715,CONNECTOR-FLARE
C-1716,CONNECTOR-SPL
C-1717,HEAD-FLANGED
C-1718,CONNECTOR
C-1719,FLANGE
C-1720,HEAD-FLANGED
C-1721,HEAD-FLANGED
C-1722,FITTING
C-1723,FITTING
C-1724,CONNECTOR-SPL
C-1725,BOSS
C-1726,ELBOW
C-1727,ELBOW-37-DEG
C-1728,CONNECTOR
C-1729,BOSS
C-1730,ELBOWOTHER
C-1731,BOSS
C-1732,CLAMPOTHER
C-1733,ELBOW
C-1734,FLANGE
C-1735,ADAPTER-OILLIN
C-1736,FLANGE
C-1737,SEAL-O-RINGOTHER
C-1738,FLANGEOTHER
C-1739,FLANGE
C-1740,FLANGE
C-1741,ELBOWOTHER
C-1742,CLIPOTHER
C-1743,FITTING
C-1744,ELBOW
C-1745,LINKOTHER
C-1746,FLANGE-ONEPIEC
C-1747,FLANGE-ONEPIECE
C-1748,PLUG-CUPOTHER
C-1749,FLANGE
C-1750,FLANGE
C-1751,PLATEOTHER
C-1752,ELBOW-MANFIN
C-1753,BLOCKOTHER
C-1754,TUBEOTHER
C-1755,TUBE-AS-IN
C-1756,NUT-FUELINJ
C-1757,TUBE-AS
C-1758,CONNECTOR
C-1759,ELBOW-HYDRAULIC
C-1760,NUT-ORFS
C-1761,CONNECTOR-BHD
C-1762,FLANGE-ONEPIECE
C-1763,FLANGE-ONEPIECE
C-1764,BOSS
C-1765,PLATEOTHER
C-1766,PLATEOTHER
C-1767,CONNECTOR-WELD
C-1768,FLANGE-WELD
C-1769,ELB
C-1770,FLANGE
C-1771,FLANGE
C-1772,FLANGE-WELD
C-1773,FLANGE
C-1774,FLANGE-WELD
C-1775,FLANGE-ONEPIEC
C-1776,COUPLING-AS
C-1777,CONNECTOR
C-1778,CONNECTOR
C-1779,COUPLING-AS
C-1780,BOSS
C-1781,CONNECTOR-WELD
C-1782,ELBOW
C-1783,ELBOW
C-1784,FLANGE-ONEPIEC
C-1785,FLANGE
C-1786,ELBOW
C-1787,JOINT-TOTHER
C-1788,FLANGE
C-1789,CONNECTOR
C-1790,ELBOW
C-1791,COUPLING-AS
C-1792,FLANGE
C-1793,BOSS
C-1794,LUGOTHER
C-1795,FLANGE-ONEPIEC
C-1796,FLANGE-ONEPIECE
C-1797,TEE-UNIONOTHER
C-1798,FLANGE-ONEPIEC
C-1799,CONNECTOR-SEALOTHER
C-1800,ELBOW-90DEG
C-1801,FLANGE-ONEPIEC
C-1802,CONNECTOR
C-1803,ELBOW-HYDRAULIC
C-1804,FLANGE-ONEPIEC
C-1805,FLANGE-ONEPIEC
C-1806,FLANGE-ONEPIEC
C-1807,FLANGE-ONEPIEC
C-1808,ELBOW-90DEGREE
C-1809,TEE-HYDRAULICOTHER
C-1810,COUPLER-QDISCOTHER
C-1811,FLANGE
C-1812,BOSS
C-1813,RIVET-BLINDOTHER
C-1814,PLUG-CUPOTHER
C-1815,PLUG-ORIFICEOTHER
C-1816,ELBOW
C-1817,FITTING-NUTOTHER
C-1818,FITTING-NUTOTHER
C-1819,ELBOW
C-1820,ELBOW
C-1821,ELBOW
C-1822,PLATEOTHER
C-1823,FLANGEOTHER
C-1824,ELBOWOTHER
C-1825,FILLEROTHER
C-1826,ELBOW
C-1827,NUT-TUBEOTHER
C-1828,PLUG-O-RING
C-1829,ELBOW
C-1830,TEE-HYDRAULICOTHER
C-1831,STUD-WELDOTHER
C-1832,DISCOTHER
C-1833,BOSS
C-1834,FLANGE
C-1835,PLUG-DETENTOTHER
C-1836,TEE-FLARED
C-1837,TEE-FLARED
C-1838,HEAD-FLANGEDOTHER
C-1839,BOSS
C-1840,ELBOW-FLARED
C-1841,CONNECTOR
C-1842,BLOCK
C-1843,FLANGE
C-1844,SEAL-O-RINGOTHER
C-1845,NUT
C-1846,SLEEVE-FLARED
C-1847,CLIPOTHER
C-1848,NUT-FLARED
C-1849,FLANGE
C-1850,ADAPTER-OILLIN
C-1851,ORIFICEOTHER
C-1852,SCREEN-PUMPTUBE
C-1853,ELBOW
C-1854,FLANGE
C-1855,FLANGE
C-1856,ADAPTER-OILLIN
C-1857,NUT-MALEPIPE
C-1858,LUGOTHER
C-1859,HEAD-FLANGEDOTHER
C-1860,FITTINGOTHER
C-1861,RIVETOTHER
C-1862,BOSS
C-1863,ELBOW
C-1864,CONNECTOR-FLARE
C-1865,TEE-HYDRAULICOTHER
C-1866,SLEEVE-ORFS
C-1867,NUT-SWIVEL
C-1868,ADAPTER-ELBOW
C-1869,CONNECTOR-SPL
C-1870,CONNECTOR-ORFS
C-1871,FLANGE-ONEPIEC
C-1872,PLUG
C-1873,ADAPTER-ORING
C-1874,NUT-WELDOTHER
C-1875,NUT-WELDOTHER
C-1876,BOSS-WELDOTHER
C-1877,ELBOW-90-DEG
C-1878,STUD-WELDOTHER
C-1879,CONNECTOR-O-RIN
C-1880,FLANGE-ONEPIEC
C-1881,FLANGE-ONEPC
C-1882,FLANGE-ONEPC
C-1883,FLANGE-ONEPC
C-1884,FLANGE-ONEPC
C-1885,CONNECTOR-ORFS
C-1886,FLANGE-ONEPIEC
C-1887,FLANGE-ONEPIEC
C-1888,ELBOW-90DEGREE
C-1889,CONNECTOR-WELD
C-1890,FLANGE-ONEPC
C-1891,PLUG-NPTFOTHER
C-1892,ELBOW-90-DEG
C-1893,FLANGE-ONEPIEC
C-1894,HEAD-FLANGED
C-1895,FLANGE-ONEPIEC
C-1896,ELBOW
C-1897,FLANGE-ONEPIEC
C-1898,STUD-WELDOTHER
C-1899,ELBOW-HYDRAULIC
C-1900,HEAD-FLANGED
C-1901,FLANGE-ONEPIECE
C-1902,CONNECTOR-ORFS
C-1903,CONNECTOR
C-1904,FLANGE-ONEPIEC
C-1905,ELBOW-HYDRAULIC
C-1906,ELBOW-90DEGREE
C-1907,CONNECTOR
C-1908,CONNECTOR-ORFS
C-1909,CONNECTOR
C-1910,CONNECTOR-ORFS
C-1911,ELBOW-90-DEG
C-1912,TEE
C-1913,CONNECTOR
C-1914,BLOCKOTHER
C-1915,TUBE-AS
C-1916,TUBE-AS
C-1917,BLOCKOTHER
C-1918,TUBE-AS
C-1919,BLOCK
C-1920,PLATEOTHER
C-1921,PLATEOTHER
C-1922,BLOCKOTHER
C-1923,FITTINGOTHER
C-1924,BOSS
C-1925,BOSS
C-1926,PLATEOTHER
C-1927,BOSS
C-1928,BOSS
C-1929,FITTINGOTHER
C-1930,TUBEOTHER
C-1931,ELBOW
C-1932,PLATEOTHER
C-1933,ELBOWOTHER
C-1934,ELBOWOTHER
C-1935,ELBOW
C-1936,BLOCK
C-1937,NUT-WELDOTHER
C-1938,BLOCKOTHER
C-1939,SCREW-BLEEDEROTHER
C-1940,NUT-WELDOTHER
C-1941,COLLAR-O-RINGOTHER
C-1942,PLATEOTHER
C-1943,FLANGE
C-1944,CLIPOTHER
C-1945,CLIPOTHER
C-1946,FLANGE
C-1947,FLANGE
C-1948,ELBOW-WATER
C-1949,WASHEROTHER
C-1950,NUT-INJLINE
C-1951,ELBOW
C-1952,FITTING-FLARED
C-1953,FLANGE
C-1954,ADAPTEROTHER
C-1955,SCREEN-AS
C-1956,FLANGE
C-1957,ELBOWOTHER
C-1958,FLANGE-ONEPIEC
C-1959,BRACKETOTHER
C-1960,ADAPTER-EXHPIP
C-1961,PIN-DOWELOTHER
C-1962,BOSS
C-1963,BOSS
C-1964,BOSS
C-1965,BOSS
C-1966,BOSS
C-1967,BOSS
C-1968,BOSS
C-1969,BOSS
C-1970,BOSS
C-1971,PLUG-STOROTHER
C-1972,PLUG-STOROTHER
C-1973,BOSS-OUTLET
C-1974,BOSS
C-1975,NUT-FLARED
C-1976,CONNECTOR-FLARE
C-1977,NUT-FULLOTHER
C-1978,COUPLING-AS
C-1979,PLUG-STOROTHER
C-1980,BOSS
C-1981,BOSSOTHER
C-1982,PLATEOTHER
C-1983,FLANGE
C-1984,PLATEOTHER
C-1985,PLATEOTHER
C-1986,FLANGE
C-1987,PLATEOTHER
C-1988,BOSS
C-1989,ELBOW
C-1990,BOSS
C-1991,TEEOTHER
C-1992,ELBOW
C-1993,BOSSOTHER
C-1994,ELBOW-90DEGREES
C-1995,ELBOW-90DEGREE
C-1996,FLANGE-TWO-BOLT
C-1997,FLANGE-ONEPIEC
C-1998,ELBOW-90DEG
C-1999,HEAD-FLANGED
C-2000,FLANGE-ONEPIECE
C-2001,ELBOW-90DEG
C-2002,ELBOW-90DEG
C-2003,ELBOW-90DEG
C-2004,ELBOW-90DEG
C-2005,ELBOW-90DEG
C-2006,ELBOW-90DEG
C-2007,ELBOW-90DEG
C-2008,ELBOW-90DEG
C-2009,FLANGE-ONEPIECE
C-2010,ELBOW-HYDRAULIC
C-2011,COUPLINGOTHER
C-2012,COUPLINGOTHER
C-2013,COUPLINGOTHER
C-2014,COUPLINGOTHER
C-2015,FLANGE-ONEPIEC
C-2016,FLANGE-ONEPIECE
C-2017,FLANGE-ONEPIEC
C-2018,FLANGE-ONEPIECE
C-2019,FLANGE-HYDRAULIC
C-2020,FLANGE-ONEPIEC
C-2021,FLANGE-ONEPIECE
C-2022,FLANGE-ONEPIECE
C-2023,FLANGE-ONEPIEC
C-2024,ELBOW-HYDRAULIC
C-2025,NUT-SWIVEL
C-2026,NUT-SWIVEL
C-2027,NUT-SWIVEL
C-2028,NUT-SWIVEL
C-2029,NUT-SWIVEL
C-2030,NUT-SWIVEL
C-2031,ELBOW-HYDRAULIC
C-2032,ELBOW-90DEG
C-2033,ELBOW-90DEG
C-2034,HEAD-FLANGED
C-2035,SLEEVE-ORIFICE
C-2036,SEAL-O-RINGOTHER
C-2037,SEAL-O-RINGOTHER
C-2038,BOSS-WELDOTHER
C-2039,TUBE-AS-FUEL
C-2040,TUBE-AS-FUEL
C-2041,TUBE-AS-FUEL
C-2042,BOSSOTHER
C-2043,FLANGE
C-2044,ADAPTER-INLET
C-2045,ADAPTER-INLETOTHER
C-2046,SLEEVEOTHER
C-2047,FLANGEOTHER
